{"cameraMode":{"drawMode":0,"name":"Shaded","section":"Shading Mode"},"sceneLighting":true,"audioPlay":false,"sceneViewState":{"m_AlwaysRefresh":false,"showFog":true,"showSkybox":true,"showFlares":true,"showImageEffects":true,"showParticleSystems":true,"showVisualEffectGraphs":true,"m_FxEnabled":true},"in2DMode":false,"pivot":{"x":32.62740707397461,"y":4.256726264953613,"z":-10.765791893005371},"rotation":{"x":0.0026895056944340469,"y":-0.927379310131073,"z":-0.006668487563729286,"w":-0.37406113743782046},"size":16.71987533569336,"orthographic":false}